PC_w0,PC_w1,PC_w2,PC_AG,PC_NG,PC_SG,PV_w0,PV_w1,PV_w2,PV_AG,PV_GG,cv_error,synchrony_error
"[3, 217]","[2, 203]","[4, 94]","[4, 173]","[2, 207]","[2, 150]","[1, 214]","[1, 185]","[2, 18]","[4, 203]","[1, 224]",0,1
"[3, 67]","[2, 119]","[4, 224]","[3, 77]","[2, 79]","[2, 59]","[2, 87]","[0, 45]","[0, 230]","[3, 239]","[1, 152]",0.276,0.145
"[3, 92]","[2, 48]","[3, 193]","[4, 117]","[1, 182]","[2, 223]","[1, 72]","[1, 31]","[2, 112]","[4, 171]","[0, 248]",0.582,0.333
"[3, 94]","[1, 124]","[4, 219]","[4, 16]","[1, 186]","[2, 154]","[2, 205]","[1, 68]","[1, 37]","[3, 250]","[1, 26]",0.747,0.163
"[3, 79]","[1, 216]","[3, 140]","[4, 136]","[1, 45]","[2, 133]","[1, 242]","[1, 95]","[0, 157]","[3, 159]","[1, 69]",0.752,0.307
"[3, 76]","[2, 160]","[3, 89]","[4, 209]","[1, 25]","[2, 169]","[1, 199]","[1, 10]","[0, 236]","[4, 247]","[0, 45]",0.772,0.359
"[3, 59]","[2, 224]","[3, 34]","[3, 81]","[1, 126]","[1, 172]","[2, 147]","[1, 38]","[2, 165]","[4, 22]","[0, 250]",0.784,0.597
"[2, 162]","[1, 202]","[3, 109]","[4, 48]","[1, 45]","[2, 199]","[1, 24]","[1, 108]","[1, 196]","[4, 60]","[0, 45]",0.798,0.632
"[3, 56]","[1, 112]","[3, 63]","[4, 20]","[1, 148]","[2, 114]","[1, 47]","[0, 58]","[0, 184]","[4, 143]","[0, 204]",0.804,0.387
"[3, 85]","[2, 21]","[3, 227]","[4, 23]","[2, 53]","[2, 201]","[1, 67]","[1, 88]","[1, 157]","[3, 50]","[0, 147]",0.853,0.286
"[3, 119]","[1, 192]","[4, 224]","[3, 243]","[1, 10]","[2, 208]","[1, 22]","[0, 195]","[1, 216]","[4, 252]","[0, 119]",0.868,0.12
"[3, 89]","[1, 237]","[3, 186]","[3, 125]","[1, 92]","[2, 31]","[1, 104]","[1, 193]","[0, 199]","[3, 176]","[0, 46]",0.878,0.319
"[3, 97]","[1, 27]","[4, 236]","[4, 56]","[1, 154]","[2, 101]","[1, 96]","[0, 69]","[2, 96]","[3, 156]","[0, 167]",0.89,0.229
"[3, 250]","[2, 115]","[4, 212]","[4, 26]","[1, 133]","[2, 153]","[1, 170]","[0, 190]","[2, 10]","[4, 117]","[0, 82]",0.895,0.211
"[3, 171]","[1, 204]","[4, 134]","[3, 94]","[2, 80]","[2, 131]","[2, 51]","[1, 173]","[2, 98]","[4, 211]","[0, 162]",0.903,0.255
"[3, 81]","[1, 173]","[4, 101]","[4, 146]","[1, 45]","[1, 234]","[2, 72]","[1, 131]","[0, 176]","[3, 155]","[1, 223]",0.905,0.32
"[3, 92]","[1, 22]","[4, 142]","[3, 248]","[2, 30]","[1, 201]","[2, 155]","[1, 36]","[2, 60]","[4, 10]","[1, 118]",0.916,0.249
"[3, 130]","[1, 26]","[4, 240]","[3, 104]","[1, 177]","[2, 238]","[2, 107]","[1, 54]","[1, 16]","[4, 239]","[0, 60]",0.923,0.174
"[3, 84]","[2, 235]","[4, 93]","[3, 67]","[2, 101]","[2, 84]","[1, 60]","[0, 234]","[2, 57]","[3, 141]","[0, 244]",0.927,0.331
"[3, 76]","[2, 99]","[4, 82]","[4, 97]","[1, 73]","[2, 234]","[1, 147]","[1, 231]","[1, 83]","[4, 26]","[0, 237]",0.93,0.261
"[3, 115]","[1, 34]","[3, 240]","[3, 18]","[1, 21]","[2, 214]","[1, 118]","[0, 22]","[0, 13]","[3, 22]","[0, 179]",0.938,0.056
"[3, 157]","[2, 72]","[4, 89]","[3, 149]","[2, 124]","[2, 199]","[2, 64]","[0, 11]","[2, 65]","[3, 237]","[1, 102]",0.938,0.217
"[3, 117]","[1, 71]","[4, 251]","[4, 108]","[1, 250]","[2, 134]","[1, 170]","[1, 165]","[2, 233]","[4, 151]","[1, 19]",0.945,0.271
"[3, 163]","[2, 27]","[3, 196]","[4, 90]","[1, 148]","[1, 76]","[1, 15]","[1, 71]","[2, 99]","[3, 98]","[0, 153]",0.948,0.29
"[3, 98]","[2, 117]","[4, 60]","[4, 77]","[2, 22]","[2, 210]","[2, 201]","[1, 92]","[1, 104]","[3, 247]","[1, 194]",0.953,0.262
"[3, 99]","[2, 244]","[4, 219]","[4, 28]","[1, 117]","[1, 223]","[1, 140]","[1, 200]","[1, 143]","[4, 74]","[0, 239]",0.954,0.26
"[3, 65]","[2, 118]","[3, 90]","[4, 238]","[2, 27]","[2, 76]","[1, 223]","[0, 171]","[2, 120]","[4, 43]","[1, 163]",0.955,0.471
"[3, 72]","[2, 89]","[4, 69]","[3, 92]","[1, 129]","[1, 30]","[2, 34]","[1, 19]","[1, 163]","[3, 201]","[1, 196]",0.959,0.43
"[3, 130]","[2, 160]","[3, 164]","[4, 16]","[1, 180]","[2, 238]","[2, 66]","[1, 82]","[2, 87]","[4, 151]","[1, 193]",0.959,0.257
"[3, 121]","[1, 40]","[4, 105]","[4, 59]","[1, 36]","[2, 10]","[1, 123]","[1, 151]","[2, 104]","[4, 168]","[0, 245]",0.96,0.301
"[3, 148]","[2, 200]","[4, 161]","[4, 36]","[2, 215]","[2, 170]","[2, 35]","[0, 254]","[1, 149]","[3, 100]","[0, 198]",0.961,0.225
"[3, 140]","[2, 206]","[3, 242]","[4, 63]","[1, 168]","[2, 250]","[1, 43]","[0, 36]","[1, 132]","[3, 128]","[1, 56]",0.963,0.169
"[3, 185]","[1, 16]","[3, 157]","[4, 216]","[2, 221]","[2, 230]","[1, 242]","[0, 150]","[0, 233]","[4, 150]","[0, 146]",0.969,0.269
"[3, 203]","[1, 196]","[4, 28]","[3, 51]","[1, 58]","[2, 98]","[1, 108]","[0, 196]","[2, 10]","[3, 150]","[1, 26]",0.97,0.147
"[3, 248]","[2, 244]","[3, 215]","[3, 228]","[1, 77]","[1, 106]","[2, 167]","[0, 63]","[2, 200]","[4, 186]","[1, 191]",0.972,0.173
"[3, 132]","[2, 56]","[4, 221]","[3, 108]","[1, 53]","[1, 81]","[1, 24]","[1, 165]","[2, 36]","[3, 146]","[1, 197]",0.973,0.199
"[3, 119]","[2, 21]","[3, 22]","[3, 86]","[2, 162]","[2, 192]","[1, 214]","[1, 206]","[2, 116]","[4, 63]","[1, 187]",0.975,0.332
"[3, 177]","[2, 45]","[3, 139]","[4, 199]","[1, 67]","[1, 206]","[2, 65]","[1, 13]","[2, 62]","[3, 131]","[0, 164]",0.977,0.242
"[3, 66]","[1, 187]","[4, 117]","[4, 84]","[1, 92]","[1, 114]","[1, 129]","[0, 147]","[0, 54]","[3, 132]","[0, 204]",0.977,0.291
"[3, 139]","[2, 238]","[3, 214]","[4, 92]","[1, 187]","[1, 16]","[2, 250]","[0, 193]","[0, 37]","[4, 134]","[1, 244]",0.978,0.304
"[3, 118]","[1, 251]","[3, 183]","[4, 134]","[1, 220]","[2, 123]","[1, 178]","[0, 16]","[2, 20]","[3, 33]","[1, 57]",0.979,0.111
"[3, 182]","[2, 90]","[3, 139]","[4, 63]","[1, 99]","[2, 108]","[1, 53]","[0, 32]","[1, 103]","[4, 192]","[1, 46]",0.979,0.237
"[3, 217]","[2, 159]","[4, 248]","[4, 127]","[1, 62]","[2, 99]","[1, 51]","[0, 103]","[2, 141]","[4, 13]","[1, 219]",0.981,0.177
"[3, 51]","[2, 180]","[3, 208]","[3, 182]","[2, 215]","[1, 36]","[1, 90]","[0, 46]","[2, 149]","[3, 141]","[0, 161]",0.981,0.603
"[3, 111]","[1, 62]","[3, 57]","[3, 222]","[1, 155]","[2, 46]","[2, 19]","[1, 103]","[0, 10]","[4, 176]","[0, 90]",0.984,0.337
"[3, 234]","[2, 58]","[4, 165]","[4, 125]","[1, 45]","[2, 139]","[1, 110]","[1, 33]","[2, 113]","[4, 170]","[1, 127]",0.984,0.22
"[3, 168]","[2, 104]","[3, 244]","[3, 197]","[1, 167]","[2, 213]","[2, 231]","[0, 117]","[1, 70]","[3, 97]","[0, 227]",0.984,0.167
"[3, 77]","[2, 127]","[3, 130]","[4, 120]","[2, 25]","[2, 42]","[2, 21]","[0, 17]","[2, 108]","[4, 207]","[0, 139]",0.985,0.421
"[3, 254]","[2, 120]","[4, 164]","[4, 35]","[2, 97]","[2, 139]","[2, 160]","[0, 149]","[0, 204]","[4, 56]","[1, 132]",0.986,0.16
"[3, 169]","[1, 124]","[3, 40]","[3, 205]","[1, 108]","[1, 152]","[2, 97]","[1, 76]","[2, 127]","[4, 173]","[0, 162]",0.986,0.275
"[3, 98]","[2, 133]","[3, 94]","[3, 116]","[1, 34]","[2, 229]","[2, 54]","[1, 211]","[2, 253]","[4, 48]","[0, 111]",0.986,0.281
"[3, 121]","[2, 155]","[4, 192]","[3, 175]","[2, 233]","[1, 118]","[1, 201]","[1, 50]","[1, 40]","[3, 117]","[1, 143]",0.986,0.302
"[3, 229]","[1, 116]","[3, 130]","[4, 137]","[1, 107]","[1, 68]","[1, 190]","[1, 233]","[1, 60]","[3, 56]","[1, 10]",0.987,0.198
"[3, 69]","[1, 148]","[3, 61]","[4, 88]","[1, 14]","[1, 25]","[2, 70]","[0, 163]","[2, 94]","[3, 91]","[0, 61]",0.987,0.262
"[3, 74]","[1, 176]","[3, 39]","[3, 211]","[2, 150]","[1, 48]","[2, 27]","[1, 70]","[2, 140]","[3, 27]","[1, 105]",0.987,0.386
"[2, 152]","[1, 162]","[3, 99]","[3, 124]","[2, 191]","[1, 207]","[2, 176]","[0, 112]","[2, 47]","[4, 83]","[1, 91]",0.988,
"[3, 58]","[1, 151]","[3, 98]","[3, 230]","[1, 236]","[1, 44]","[2, 226]","[0, 166]","[2, 18]","[3, 34]","[1, 219]",0.988,0.504
"[3, 206]","[1, 217]","[4, 87]","[4, 117]","[2, 135]","[1, 87]","[1, 62]","[0, 40]","[0, 61]","[3, 225]","[1, 239]",0.988,0.227
"[3, 229]","[1, 177]","[3, 126]","[3, 178]","[2, 101]","[1, 80]","[1, 253]","[0, 137]","[0, 200]","[4, 195]","[1, 199]",0.988,0.251
"[3, 163]","[1, 251]","[3, 35]","[4, 24]","[2, 204]","[1, 24]","[2, 224]","[1, 147]","[1, 76]","[3, 196]","[1, 44]",0.988,0.257
"[3, 171]","[1, 172]","[4, 168]","[3, 127]","[1, 128]","[2, 21]","[1, 76]","[0, 241]","[1, 244]","[4, 29]","[0, 219]",0.989,0.203
"[3, 179]","[1, 158]","[3, 122]","[3, 154]","[1, 28]","[1, 145]","[1, 92]","[1, 69]","[1, 139]","[4, 191]","[0, 68]",0.99,0.267
"[3, 135]","[2, 239]","[3, 160]","[3, 244]","[2, 245]","[2, 184]","[2, 82]","[1, 247]","[2, 118]","[4, 63]","[1, 33]",0.99,0.28
"[3, 230]","[1, 154]","[3, 198]","[4, 49]","[2, 204]","[1, 81]","[1, 117]","[1, 167]","[1, 211]","[4, 121]","[1, 167]",0.99,0.23
"[3, 49]","[1, 14]","[4, 135]","[3, 122]","[2, 18]","[1, 166]","[1, 216]","[1, 117]","[0, 86]","[4, 162]","[0, 214]",0.99,0.018
"[2, 97]","[2, 174]","[3, 180]","[3, 230]","[1, 235]","[2, 57]","[2, 175]","[1, 43]","[0, 171]","[4, 91]","[0, 188]",0.991,
"[3, 115]","[2, 166]","[4, 249]","[4, 198]","[1, 84]","[1, 132]","[2, 70]","[1, 81]","[0, 245]","[4, 202]","[1, 16]",0.992,0.299
"[3, 18]","[1, 116]","[4, 89]","[3, 236]","[1, 72]","[2, 179]","[2, 180]","[0, 92]","[1, 32]","[4, 196]","[0, 31]",0.994,
"[2, 125]","[1, 87]","[4, 99]","[3, 33]","[2, 58]","[2, 179]","[2, 174]","[1, 197]","[2, 93]","[4, 42]","[1, 187]",0.994,
"[3, 108]","[2, 86]","[4, 136]","[4, 248]","[1, 26]","[1, 223]","[2, 184]","[0, 129]","[1, 254]","[4, 90]","[0, 73]",0.995,0.318
"[3, 53]","[1, 249]","[3, 19]","[4, 204]","[1, 47]","[2, 63]","[2, 20]","[0, 177]","[2, 222]","[4, 27]","[0, 215]",0.995,0.349
"[2, 110]","[2, 230]","[3, 75]","[3, 161]","[1, 108]","[1, 22]","[2, 161]","[1, 53]","[2, 46]","[3, 202]","[1, 41]",0.996,
"[2, 54]","[2, 33]","[3, 111]","[4, 26]","[1, 21]","[2, 117]","[2, 173]","[1, 225]","[1, 49]","[3, 185]","[1, 179]",0.996,
"[3, 70]","[2, 88]","[4, 215]","[4, 206]","[1, 32]","[1, 68]","[1, 122]","[1, 238]","[2, 240]","[4, 189]","[0, 238]",0.996,0.332
"[3, 236]","[2, 12]","[4, 220]","[3, 181]","[1, 115]","[1, 240]","[2, 230]","[0, 172]","[2, 108]","[4, 144]","[1, 125]",0.996,0.196
"[3, 144]","[2, 29]","[4, 245]","[4, 242]","[1, 24]","[2, 93]","[1, 105]","[0, 107]","[1, 19]","[3, 220]","[0, 156]",0.997,0.225
"[2, 153]","[2, 146]","[3, 49]","[4, 147]","[1, 148]","[1, 111]","[2, 195]","[0, 59]","[2, 157]","[4, 190]","[0, 187]",0.997,
"[3, 47]","[1, 150]","[3, 57]","[4, 129]","[2, 168]","[1, 62]","[2, 114]","[0, 82]","[2, 96]","[3, 207]","[0, 174]",0.997,0.719
"[3, 235]","[1, 118]","[4, 145]","[4, 80]","[2, 131]","[2, 212]","[2, 122]","[0, 102]","[1, 223]","[4, 30]","[1, 106]",0.997,0.176
"[3, 199]","[2, 73]","[4, 107]","[4, 11]","[2, 11]","[1, 156]","[1, 208]","[1, 123]","[0, 146]","[3, 203]","[1, 75]",0.998,0.179
"[2, 27]","[2, 152]","[4, 187]","[4, 166]","[2, 240]","[2, 85]","[2, 204]","[0, 87]","[1, 155]","[4, 82]","[0, 233]",0.998,
"[3, 204]","[2, 82]","[4, 90]","[4, 121]","[1, 222]","[2, 111]","[1, 52]","[1, 80]","[1, 11]","[3, 234]","[1, 196]",0.998,0.192
"[3, 101]","[1, 85]","[3, 194]","[4, 178]","[1, 97]","[2, 23]","[1, 133]","[1, 245]","[1, 56]","[3, 52]","[1, 66]",0.998,0.291
"[3, 73]","[1, 170]","[3, 226]","[3, 156]","[1, 231]","[1, 57]","[1, 181]","[0, 17]","[0, 222]","[3, 62]","[1, 254]",0.998,0.422
"[2, 30]","[2, 114]","[4, 140]","[4, 80]","[1, 206]","[1, 222]","[2, 206]","[0, 38]","[2, 192]","[4, 48]","[1, 105]",0.998,
"[2, 40]","[1, 112]","[3, 19]","[3, 175]","[1, 66]","[2, 35]","[2, 196]","[1, 47]","[1, 61]","[3, 168]","[0, 42]",0.998,
"[3, 219]","[1, 172]","[3, 136]","[3, 204]","[1, 124]","[2, 76]","[1, 254]","[0, 97]","[2, 141]","[3, 232]","[1, 176]",0.998,0.197
"[2, 144]","[1, 161]","[3, 83]","[3, 52]","[1, 126]","[1, 171]","[2, 202]","[0, 107]","[2, 200]","[3, 195]","[0, 72]",0.998,
"[3, 28]","[1, 234]","[4, 178]","[3, 233]","[2, 208]","[1, 32]","[2, 207]","[0, 179]","[0, 240]","[4, 147]","[0, 214]",0.998,
"[3, 46]","[1, 124]","[4, 144]","[4, 55]","[2, 139]","[1, 10]","[1, 209]","[1, 248]","[1, 63]","[3, 215]","[0, 79]",0.998,0.734
"[3, 101]","[2, 151]","[3, 228]","[4, 46]","[1, 50]","[1, 10]","[1, 245]","[1, 11]","[2, 65]","[3, 131]","[1, 41]",0.998,0.309
"[2, 233]","[2, 183]","[3, 244]","[4, 178]","[2, 53]","[1, 41]","[2, 212]","[1, 67]","[1, 128]","[4, 207]","[0, 129]",0.998,
"[2, 241]","[1, 139]","[4, 50]","[3, 32]","[2, 167]","[1, 73]","[2, 218]","[0, 82]","[2, 119]","[4, 35]","[1, 46]",0.999,
"[2, 84]","[1, 165]","[3, 68]","[3, 140]","[1, 243]","[2, 199]","[2, 197]","[0, 200]","[1, 98]","[3, 92]","[1, 141]",0.999,
"[2, 233]","[2, 242]","[3, 177]","[3, 206]","[1, 204]","[1, 92]","[2, 206]","[0, 245]","[1, 215]","[3, 80]","[0, 15]",0.999,
"[3, 229]","[1, 60]","[4, 137]","[3, 175]","[2, 122]","[2, 94]","[1, 181]","[0, 39]","[2, 10]","[3, 103]","[1, 145]",0.999,0.176
"[2, 137]","[1, 173]","[3, 57]","[4, 51]","[2, 227]","[2, 163]","[2, 216]","[0, 85]","[0, 67]","[3, 88]","[1, 39]",0.999,
"[3, 111]","[2, 97]","[3, 87]","[3, 44]","[1, 57]","[1, 67]","[1, 16]","[1, 98]","[2, 23]","[4, 172]","[1, 104]",0.999,0.318
"[3, 36]","[1, 110]","[4, 150]","[4, 167]","[2, 127]","[2, 173]","[2, 216]","[1, 210]","[0, 131]","[4, 130]","[0, 149]",0.999,
"[2, 177]","[1, 60]","[4, 52]","[4, 16]","[1, 165]","[1, 252]","[2, 232]","[0, 217]","[2, 204]","[4, 31]","[0, 146]",0.999,
"[2, 151]","[2, 253]","[4, 232]","[4, 34]","[1, 163]","[2, 197]","[2, 243]","[0, 10]","[1, 104]","[4, 43]","[0, 223]",0.999,
"[2, 149]","[2, 78]","[4, 110]","[4, 112]","[2, 102]","[2, 227]","[2, 232]","[0, 128]","[2, 214]","[4, 240]","[1, 228]",0.999,
"[3, 134]","[2, 200]","[3, 167]","[3, 48]","[1, 35]","[1, 44]","[1, 31]","[0, 245]","[0, 25]","[3, 116]","[0, 236]",0.999,0.229
"[3, 22]","[1, 104]","[3, 23]","[3, 159]","[1, 232]","[1, 14]","[2, 217]","[1, 37]","[1, 103]","[3, 76]","[1, 229]",0.999,
"[2, 197]","[1, 232]","[3, 99]","[4, 184]","[2, 99]","[1, 148]","[2, 191]","[0, 40]","[2, 186]","[3, 92]","[1, 149]",0.999,
"[2, 12]","[2, 119]","[3, 51]","[3, 21]","[1, 232]","[1, 63]","[2, 244]","[0, 148]","[0, 54]","[3, 223]","[1, 189]",0.999,
"[2, 178]","[2, 20]","[4, 100]","[4, 168]","[1, 182]","[1, 79]","[2, 138]","[1, 52]","[1, 67]","[3, 247]","[0, 190]",1,
"[2, 106]","[2, 105]","[4, 17]","[3, 91]","[1, 229]","[2, 249]","[1, 138]","[0, 138]","[1, 206]","[4, 188]","[1, 245]",1,
"[3, 244]","[2, 163]","[3, 23]","[4, 126]","[1, 244]","[1, 234]","[1, 202]","[1, 246]","[1, 75]","[3, 124]","[0, 61]",1,0.194
"[3, 10]","[1, 215]","[4, 229]","[3, 128]","[1, 34]","[1, 114]","[1, 201]","[1, 218]","[2, 217]","[4, 184]","[0, 225]",1,
"[2, 185]","[2, 186]","[3, 23]","[4, 90]","[2, 251]","[1, 23]","[2, 78]","[1, 28]","[2, 207]","[4, 92]","[0, 214]",1,
"[2, 254]","[2, 216]","[3, 79]","[3, 75]","[2, 137]","[1, 145]","[1, 211]","[1, 185]","[2, 134]","[4, 130]","[0, 171]",1,
"[2, 39]","[1, 204]","[3, 236]","[4, 201]","[2, 64]","[1, 217]","[1, 103]","[0, 197]","[2, 29]","[4, 220]","[0, 105]",1,
"[3, 14]","[2, 234]","[3, 196]","[4, 190]","[2, 219]","[2, 64]","[2, 51]","[1, 219]","[0, 72]","[4, 14]","[1, 85]",1,
"[2, 73]","[1, 78]","[3, 155]","[3, 249]","[2, 53]","[2, 16]","[2, 109]","[1, 179]","[0, 230]","[4, 231]","[1, 69]",1,
"[3, 19]","[2, 225]","[3, 195]","[3, 118]","[1, 182]","[1, 111]","[1, 169]","[1, 174]","[1, 174]","[3, 102]","[0, 80]",1,
"[3, 20]","[1, 42]","[3, 68]","[3, 47]","[1, 131]","[1, 104]","[2, 144]","[0, 242]","[0, 149]","[3, 167]","[1, 65]",1,
"[2, 53]","[2, 24]","[4, 236]","[4, 180]","[2, 239]","[1, 82]","[1, 143]","[0, 133]","[0, 34]","[3, 134]","[0, 26]",1,
"[2, 236]","[2, 123]","[3, 139]","[3, 85]","[2, 204]","[2, 211]","[1, 36]","[1, 94]","[1, 202]","[4, 114]","[0, 97]",1,
"[3, 151]","[1, 158]","[3, 14]","[4, 78]","[2, 250]","[1, 50]","[2, 28]","[0, 71]","[0, 142]","[4, 159]","[1, 240]",1,0.262
"[2, 53]","[1, 152]","[3, 138]","[3, 109]","[2, 30]","[2, 77]","[2, 23]","[0, 121]","[2, 184]","[3, 59]","[0, 109]",1,
"[2, 104]","[1, 100]","[4, 161]","[3, 94]","[2, 238]","[2, 49]","[2, 13]","[1, 119]","[1, 100]","[3, 45]","[0, 124]",1,
"[2, 152]","[1, 28]","[4, 173]","[4, 64]","[1, 109]","[1, 196]","[1, 239]","[1, 89]","[0, 137]","[4, 122]","[1, 194]",1,
"[2, 234]","[2, 121]","[3, 47]","[3, 135]","[1, 216]","[2, 74]","[1, 215]","[0, 53]","[1, 52]","[4, 29]","[0, 125]",1,
"[2, 229]","[2, 212]","[3, 221]","[3, 170]","[2, 39]","[2, 226]","[1, 240]","[1, 202]","[0, 128]","[4, 26]","[1, 61]",1,
"[3, 29]","[2, 24]","[4, 163]","[4, 122]","[2, 16]","[2, 89]","[2, 53]","[0, 133]","[0, 85]","[4, 206]","[1, 102]",1,
"[3, 185]","[2, 173]","[3, 102]","[4, 34]","[2, 122]","[2, 126]","[1, 207]","[0, 78]","[1, 154]","[3, 226]","[1, 193]",1,0.224
"[3, 223]","[1, 47]","[3, 189]","[4, 205]","[1, 239]","[1, 44]","[1, 218]","[0, 91]","[0, 143]","[3, 172]","[1, 127]",1,0.227
"[2, 146]","[2, 168]","[3, 103]","[3, 127]","[1, 81]","[2, 41]","[1, 216]","[1, 225]","[1, 183]","[3, 79]","[0, 144]",1,
"[2, 178]","[2, 195]","[4, 40]","[3, 20]","[1, 33]","[2, 35]","[2, 82]","[1, 232]","[1, 196]","[3, 53]","[1, 101]",1,
"[2, 215]","[2, 44]","[4, 181]","[3, 63]","[2, 31]","[1, 36]","[1, 202]","[0, 82]","[0, 203]","[3, 94]","[0, 177]",1,
"[3, 226]","[2, 89]","[3, 230]","[4, 224]","[2, 39]","[2, 81]","[2, 16]","[1, 125]","[0, 139]","[3, 171]","[1, 177]",1,0.206
"[3, 203]","[2, 154]","[3, 23]","[4, 52]","[2, 179]","[1, 121]","[1, 194]","[1, 157]","[1, 112]","[3, 165]","[1, 22]",1,0.223
"[2, 31]","[1, 223]","[3, 174]","[3, 240]","[1, 231]","[1, 93]","[1, 23]","[0, 97]","[2, 138]","[4, 164]","[1, 118]",1,
"[2, 208]","[2, 123]","[3, 167]","[3, 159]","[1, 107]","[2, 65]","[2, 119]","[1, 47]","[2, 187]","[4, 97]","[0, 102]",1,
"[2, 227]","[2, 165]","[4, 240]","[3, 46]","[1, 174]","[2, 75]","[2, 50]","[1, 150]","[2, 42]","[4, 206]","[1, 46]",1,
"[2, 188]","[2, 180]","[3, 246]","[4, 121]","[1, 247]","[2, 152]","[2, 111]","[0, 87]","[0, 226]","[3, 105]","[1, 48]",1,
"[2, 100]","[1, 185]","[3, 26]","[4, 131]","[1, 234]","[2, 134]","[1, 85]","[0, 238]","[0, 149]","[3, 163]","[1, 55]",1,
"[3, 214]","[1, 13]","[3, 97]","[4, 146]","[1, 249]","[1, 90]","[2, 45]","[0, 118]","[0, 127]","[4, 22]","[1, 13]",1,0.213
"[2, 43]","[1, 22]","[4, 108]","[4, 219]","[1, 218]","[1, 156]","[2, 155]","[0, 144]","[2, 34]","[3, 126]","[1, 170]",1,
"[2, 240]","[2, 13]","[3, 69]","[4, 163]","[2, 104]","[1, 188]","[1, 58]","[0, 77]","[2, 32]","[4, 128]","[1, 86]",1,
"[2, 148]","[1, 73]","[4, 140]","[4, 12]","[1, 229]","[2, 93]","[1, 62]","[0, 197]","[2, 198]","[4, 212]","[1, 60]",1,
"[3, 178]","[1, 195]","[3, 49]","[4, 189]","[2, 197]","[2, 216]","[2, 170]","[0, 49]","[0, 18]","[4, 26]","[1, 210]",1,0.229
"[2, 156]","[1, 129]","[3, 115]","[4, 17]","[1, 125]","[1, 116]","[2, 70]","[0, 121]","[1, 248]","[3, 13]","[1, 236]",1,
"[2, 204]","[2, 226]","[3, 110]","[4, 95]","[1, 17]","[1, 75]","[2, 33]","[1, 145]","[2, 65]","[4, 241]","[0, 161]",1,
"[3, 129]","[2, 29]","[4, 211]","[3, 87]","[2, 221]","[1, 118]","[1, 50]","[1, 64]","[2, 189]","[4, 211]","[1, 125]",1,0.3
"[2, 176]","[2, 166]","[3, 162]","[4, 45]","[2, 84]","[1, 174]","[1, 89]","[1, 60]","[0, 16]","[4, 93]","[0, 55]",1,
"[3, 222]","[1, 52]","[4, 137]","[4, 61]","[2, 186]","[1, 224]","[1, 214]","[1, 23]","[0, 252]","[3, 236]","[1, 78]",1,0.232
"[2, 215]","[1, 43]","[3, 184]","[4, 97]","[1, 147]","[1, 22]","[2, 62]","[0, 75]","[2, 39]","[3, 123]","[0, 200]",1,
"[2, 97]","[1, 90]","[3, 198]","[4, 188]","[2, 190]","[1, 61]","[1, 92]","[1, 49]","[2, 89]","[4, 37]","[0, 150]",1,
"[3, 195]","[2, 94]","[3, 39]","[3, 243]","[2, 218]","[1, 225]","[2, 128]","[0, 16]","[0, 121]","[4, 212]","[0, 126]",1,0.24
"[2, 175]","[2, 44]","[3, 40]","[3, 251]","[2, 145]","[1, 77]","[2, 58]","[1, 120]","[0, 159]","[3, 70]","[0, 117]",1,
"[2, 174]","[1, 158]","[4, 254]","[4, 186]","[1, 219]","[1, 182]","[1, 159]","[0, 170]","[0, 110]","[4, 29]","[0, 168]",1,
"[3, 208]","[1, 55]","[3, 128]","[3, 53]","[2, 193]","[1, 179]","[2, 212]","[1, 24]","[1, 135]","[3, 164]","[1, 167]",1,0.216
"[2, 38]","[2, 252]","[4, 240]","[4, 50]","[1, 74]","[2, 119]","[2, 107]","[1, 249]","[0, 57]","[4, 228]","[0, 116]",1,
"[2, 150]","[2, 68]","[4, 190]","[4, 48]","[1, 78]","[1, 178]","[1, 253]","[0, 249]","[0, 252]","[4, 182]","[0, 75]",1,
"[2, 252]","[1, 171]","[4, 232]","[3, 160]","[1, 131]","[2, 101]","[1, 58]","[1, 102]","[2, 237]","[3, 143]","[1, 188]",1,
"[3, 115]","[2, 104]","[3, 215]","[3, 251]","[2, 162]","[2, 87]","[1, 115]","[0, 146]","[2, 216]","[4, 194]","[0, 235]",1,0.312
"[2, 228]","[2, 211]","[3, 223]","[3, 51]","[2, 100]","[2, 207]","[2, 45]","[0, 192]","[1, 147]","[3, 153]","[1, 248]",1,
"[3, 166]","[1, 44]","[3, 121]","[4, 214]","[1, 132]","[1, 32]","[2, 123]","[0, 181]","[1, 64]","[3, 222]","[0, 227]",1,0.251
"[3, 176]","[2, 164]","[4, 55]","[3, 231]","[2, 193]","[1, 204]","[1, 156]","[1, 231]","[1, 171]","[3, 72]","[0, 144]",1,0.22
"[2, 218]","[1, 137]","[4, 144]","[4, 122]","[2, 114]","[2, 154]","[1, 129]","[1, 242]","[1, 38]","[4, 59]","[0, 182]",1,
"[2, 224]","[1, 81]","[3, 120]","[3, 183]","[2, 64]","[2, 160]","[2, 34]","[1, 163]","[1, 177]","[3, 253]","[0, 32]",1,
"[2, 119]","[2, 99]","[4, 168]","[4, 161]","[2, 215]","[1, 187]","[2, 11]","[1, 71]","[0, 172]","[3, 102]","[0, 209]",1,
"[3, 126]","[1, 138]","[4, 22]","[3, 125]","[2, 70]","[1, 220]","[1, 121]","[1, 48]","[1, 169]","[3, 177]","[1, 73]",1,0.291
"[3, 95]","[1, 60]","[3, 219]","[3, 153]","[1, 192]","[1, 19]","[1, 46]","[0, 246]","[2, 250]","[3, 203]","[1, 69]",1,0.335
"[3, 79]","[2, 81]","[4, 115]","[4, 199]","[2, 203]","[1, 245]","[2, 90]","[1, 188]","[0, 69]","[3, 33]","[1, 205]",1,0.344
"[3, 32]","[1, 214]","[3, 22]","[4, 31]","[2, 142]","[2, 48]","[1, 199]","[1, 39]","[1, 183]","[4, 216]","[0, 18]",1,
"[2, 25]","[2, 250]","[3, 107]","[3, 74]","[1, 41]","[2, 68]","[1, 58]","[0, 179]","[2, 88]","[3, 141]","[1, 139]",1,
"[3, 14]","[1, 68]","[3, 237]","[3, 246]","[2, 161]","[1, 113]","[1, 153]","[1, 208]","[0, 90]","[3, 235]","[1, 65]",1,
"[2, 107]","[2, 68]","[4, 159]","[3, 115]","[2, 178]","[1, 233]","[1, 41]","[1, 136]","[0, 168]","[4, 216]","[0, 176]",1,
"[2, 233]","[1, 149]","[3, 165]","[4, 212]","[2, 79]","[1, 72]","[2, 36]","[1, 150]","[2, 214]","[4, 77]","[0, 168]",1,
"[2, 195]","[1, 48]","[3, 82]","[3, 193]","[1, 238]","[2, 118]","[1, 120]","[1, 244]","[2, 185]","[4, 170]","[0, 27]",1,
"[2, 62]","[2, 141]","[3, 129]","[3, 67]","[1, 189]","[2, 46]","[1, 69]","[0, 186]","[1, 177]","[3, 43]","[0, 250]",1,
"[2, 179]","[2, 58]","[4, 140]","[3, 227]","[2, 117]","[1, 161]","[1, 187]","[0, 103]","[0, 35]","[3, 10]","[1, 244]",1,
"[3, 117]","[1, 66]","[4, 55]","[3, 227]","[1, 182]","[1, 99]","[2, 170]","[0, 100]","[1, 127]","[4, 170]","[0, 26]",1,0.3
"[3, 33]","[2, 20]","[4, 21]","[3, 151]","[1, 93]","[2, 232]","[1, 95]","[1, 207]","[0, 105]","[4, 64]","[0, 206]",1,
"[3, 15]","[2, 134]","[4, 148]","[4, 138]","[2, 10]","[1, 92]","[1, 237]","[1, 184]","[2, 91]","[3, 177]","[1, 83]",1,
"[2, 33]","[2, 206]","[3, 15]","[3, 33]","[1, 113]","[1, 79]","[1, 79]","[1, 16]","[0, 32]","[4, 179]","[0, 204]",1,
"[2, 42]","[1, 212]","[4, 47]","[4, 21]","[2, 42]","[2, 22]","[2, 67]","[1, 54]","[0, 28]","[4, 196]","[1, 130]",1,
"[2, 94]","[1, 228]","[3, 137]","[4, 219]","[2, 228]","[1, 51]","[2, 46]","[0, 91]","[2, 66]","[4, 141]","[1, 37]",1,
"[3, 109]","[1, 208]","[4, 24]","[4, 167]","[2, 50]","[1, 228]","[1, 253]","[0, 159]","[0, 248]","[3, 110]","[0, 100]",1,0.306
"[2, 191]","[2, 21]","[4, 234]","[3, 171]","[2, 53]","[1, 41]","[1, 15]","[0, 120]","[2, 112]","[3, 232]","[1, 156]",1,
"[2, 175]","[1, 144]","[4, 107]","[4, 220]","[2, 46]","[1, 135]","[2, 63]","[0, 241]","[2, 101]","[3, 58]","[1, 75]",1,
"[2, 230]","[1, 153]","[3, 195]","[4, 88]","[2, 239]","[1, 79]","[2, 207]","[0, 140]","[2, 248]","[3, 28]","[0, 28]",1,
"[2, 168]","[1, 186]","[4, 220]","[4, 189]","[1, 144]","[2, 93]","[1, 43]","[1, 227]","[2, 79]","[4, 156]","[0, 253]",1,
"[2, 70]","[1, 237]","[4, 227]","[4, 20]","[2, 158]","[2, 188]","[2, 16]","[1, 131]","[1, 227]","[4, 46]","[1, 235]",1,
"[2, 233]","[1, 56]","[4, 59]","[4, 160]","[2, 191]","[1, 55]","[1, 25]","[0, 26]","[1, 146]","[3, 164]","[1, 142]",1,
"[3, 228]","[2, 243]","[4, 172]","[4, 175]","[2, 103]","[1, 188]","[2, 150]","[0, 193]","[2, 96]","[3, 42]","[0, 158]",1,0.166
"[2, 168]","[1, 23]","[3, 74]","[3, 104]","[1, 98]","[1, 143]","[2, 109]","[0, 62]","[1, 96]","[4, 36]","[0, 185]",1,
"[2, 111]","[2, 101]","[3, 62]","[3, 115]","[2, 170]","[2, 185]","[1, 130]","[1, 104]","[0, 125]","[3, 179]","[1, 78]",1,
"[2, 133]","[2, 39]","[4, 229]","[4, 219]","[1, 158]","[2, 85]","[2, 84]","[1, 169]","[1, 197]","[3, 98]","[1, 39]",1,
"[3, 251]","[1, 42]","[3, 156]","[4, 85]","[2, 149]","[2, 184]","[1, 59]","[0, 61]","[2, 66]","[4, 90]","[0, 51]",1,0.21
"[2, 214]","[1, 179]","[4, 28]","[4, 141]","[1, 221]","[1, 125]","[1, 61]","[1, 69]","[1, 221]","[4, 127]","[0, 13]",1,
"[2, 248]","[2, 120]","[4, 81]","[3, 178]","[1, 216]","[2, 172]","[1, 69]","[0, 54]","[0, 127]","[4, 148]","[1, 141]",1,
"[2, 144]","[2, 146]","[3, 94]","[3, 45]","[2, 249]","[1, 213]","[1, 222]","[0, 55]","[1, 211]","[4, 32]","[0, 103]",1,
"[2, 102]","[2, 189]","[3, 114]","[3, 80]","[1, 88]","[1, 71]","[1, 172]","[1, 149]","[0, 116]","[3, 185]","[1, 90]",1,
"[3, 71]","[2, 51]","[3, 235]","[3, 187]","[2, 86]","[2, 98]","[1, 50]","[0, 119]","[1, 191]","[3, 140]","[1, 254]",1,0.418
"[3, 46]","[1, 55]","[3, 26]","[3, 129]","[2, 169]","[2, 155]","[1, 214]","[1, 174]","[0, 57]","[4, 56]","[0, 32]",1,
"[2, 138]","[2, 34]","[4, 220]","[4, 176]","[2, 251]","[2, 73]","[1, 165]","[1, 84]","[0, 105]","[3, 121]","[0, 218]",1,
"[3, 143]","[1, 97]","[4, 16]","[3, 173]","[2, 236]","[1, 92]","[2, 200]","[0, 152]","[1, 68]","[4, 143]","[0, 198]",1,0.276
"[3, 20]","[1, 38]","[4, 38]","[3, 222]","[1, 21]","[1, 222]","[1, 97]","[0, 81]","[1, 47]","[4, 246]","[1, 248]",1,
"[3, 71]","[2, 250]","[3, 108]","[3, 111]","[2, 228]","[1, 151]","[1, 191]","[1, 95]","[2, 196]","[4, 164]","[1, 188]",1,0.445
"[2, 241]","[1, 218]","[3, 82]","[3, 85]","[1, 153]","[1, 47]","[2, 70]","[1, 109]","[1, 143]","[3, 242]","[0, 147]",1,
"[2, 165]","[1, 24]","[4, 204]","[4, 215]","[1, 101]","[1, 104]","[2, 12]","[1, 22]","[0, 24]","[4, 106]","[0, 136]",1,
"[2, 98]","[1, 123]","[4, 101]","[3, 149]","[2, 211]","[1, 109]","[1, 247]","[0, 141]","[0, 116]","[3, 14]","[0, 21]",1,
"[3, 114]","[1, 202]","[3, 54]","[4, 215]","[2, 119]","[1, 71]","[2, 82]","[0, 50]","[0, 212]","[4, 16]","[1, 184]",1,0.29
"[2, 249]","[1, 227]","[3, 251]","[4, 177]","[2, 220]","[1, 232]","[1, 32]","[0, 242]","[1, 33]","[3, 93]","[0, 56]",1,
"[3, 30]","[2, 242]","[4, 153]","[3, 139]","[2, 248]","[2, 10]","[2, 84]","[1, 104]","[1, 220]","[4, 114]","[1, 142]",1,
"[2, 161]","[2, 253]","[4, 156]","[4, 23]","[1, 216]","[2, 37]","[2, 144]","[0, 179]","[0, 248]","[3, 241]","[0, 251]",1,
"[2, 223]","[2, 141]","[4, 225]","[3, 192]","[2, 143]","[1, 128]","[2, 11]","[1, 81]","[2, 142]","[3, 177]","[0, 44]",1,
"[2, 87]","[2, 168]","[4, 35]","[4, 236]","[1, 62]","[1, 155]","[1, 17]","[1, 180]","[1, 231]","[4, 241]","[0, 108]",1,
"[2, 39]","[2, 72]","[3, 183]","[4, 174]","[2, 143]","[1, 140]","[1, 36]","[1, 33]","[0, 140]","[4, 147]","[0, 13]",1,
"[2, 23]","[2, 244]","[3, 102]","[4, 82]","[2, 69]","[1, 130]","[2, 223]","[1, 38]","[1, 227]","[3, 28]","[1, 142]",1,
"[2, 46]","[1, 143]","[4, 187]","[3, 61]","[2, 231]","[2, 213]","[1, 115]","[1, 119]","[2, 145]","[4, 242]","[0, 95]",1,
"[3, 21]","[1, 98]","[4, 141]","[3, 122]","[2, 95]","[1, 166]","[1, 37]","[1, 86]","[1, 139]","[3, 169]","[0, 64]",1,
"[3, 140]","[1, 211]","[3, 142]","[3, 84]","[2, 217]","[2, 15]","[2, 152]","[1, 47]","[1, 51]","[4, 247]","[0, 154]",1,0.276
"[2, 117]","[1, 116]","[4, 174]","[3, 157]","[1, 218]","[1, 92]","[2, 16]","[1, 86]","[2, 22]","[4, 172]","[1, 147]",1,
"[3, 150]","[2, 59]","[3, 86]","[4, 239]","[2, 49]","[2, 225]","[1, 176]","[0, 53]","[2, 146]","[4, 108]","[0, 53]",1,0.254
"[2, 52]","[1, 81]","[4, 150]","[3, 137]","[1, 196]","[2, 116]","[2, 155]","[1, 186]","[0, 156]","[3, 38]","[1, 204]",1,
"[2, 226]","[1, 147]","[3, 30]","[4, 142]","[2, 32]","[1, 72]","[2, 133]","[0, 216]","[0, 195]","[4, 146]","[1, 168]",1,
"[3, 70]","[1, 207]","[3, 80]","[4, 159]","[1, 228]","[1, 137]","[2, 33]","[1, 31]","[0, 108]","[4, 48]","[0, 10]",1,0.437
"[3, 151]","[1, 94]","[3, 96]","[3, 181]","[2, 186]","[2, 208]","[2, 182]","[1, 191]","[0, 122]","[4, 31]","[0, 193]",1,0.243
"[2, 162]","[1, 78]","[4, 77]","[4, 118]","[1, 203]","[2, 177]","[1, 146]","[1, 254]","[1, 138]","[4, 224]","[0, 223]",1,
"[2, 129]","[2, 250]","[3, 117]","[3, 242]","[1, 220]","[1, 241]","[2, 36]","[1, 249]","[2, 215]","[3, 193]","[0, 156]",1,
"[3, 172]","[2, 232]","[4, 30]","[4, 98]","[2, 58]","[2, 176]","[1, 152]","[1, 209]","[0, 60]","[4, 156]","[0, 182]",1,0.253
"[2, 59]","[1, 152]","[4, 23]","[4, 70]","[1, 238]","[1, 48]","[2, 73]","[0, 226]","[2, 156]","[4, 55]","[1, 108]",1,
"[2, 36]","[2, 136]","[3, 241]","[4, 48]","[2, 54]","[1, 60]","[1, 186]","[0, 49]","[1, 156]","[3, 158]","[1, 140]",1,
"[2, 237]","[1, 19]","[4, 141]","[3, 171]","[2, 222]","[2, 71]","[1, 19]","[0, 16]","[2, 127]","[3, 114]","[0, 57]",1,
"[2, 240]","[2, 57]","[4, 191]","[3, 244]","[2, 58]","[2, 153]","[2, 55]","[1, 45]","[0, 237]","[4, 170]","[1, 43]",1,
"[3, 126]","[1, 26]","[4, 199]","[3, 39]","[2, 246]","[1, 190]","[1, 205]","[1, 66]","[0, 182]","[3, 53]","[1, 75]",1,0.265
"[2, 106]","[2, 160]","[4, 85]","[4, 83]","[2, 125]","[2, 83]","[1, 145]","[0, 11]","[1, 144]","[4, 166]","[0, 64]",1,
"[2, 143]","[1, 13]","[4, 44]","[3, 192]","[1, 218]","[2, 209]","[2, 161]","[0, 89]","[0, 132]","[3, 91]","[1, 225]",1,
"[2, 230]","[1, 43]","[3, 58]","[4, 91]","[2, 246]","[2, 61]","[1, 230]","[1, 119]","[2, 124]","[4, 113]","[1, 241]",1,
"[2, 135]","[2, 168]","[4, 183]","[4, 189]","[2, 36]","[1, 249]","[2, 77]","[1, 37]","[0, 92]","[3, 118]","[1, 181]",1,
"[2, 48]","[1, 76]","[4, 201]","[3, 72]","[1, 221]","[1, 60]","[2, 222]","[0, 79]","[2, 244]","[3, 45]","[1, 156]",1,
"[3, 188]","[1, 252]","[3, 44]","[3, 144]","[2, 184]","[1, 168]","[2, 13]","[1, 56]","[2, 116]","[3, 33]","[0, 171]",1,0.196
"[3, 192]","[2, 166]","[4, 36]","[3, 184]","[1, 116]","[1, 104]","[1, 152]","[0, 252]","[2, 242]","[4, 189]","[0, 229]",1,0.238
"[2, 74]","[2, 47]","[3, 236]","[4, 143]","[2, 143]","[1, 151]","[1, 156]","[1, 116]","[1, 144]","[3, 149]","[0, 53]",1,
"[3, 11]","[1, 161]","[4, 153]","[4, 169]","[1, 177]","[1, 167]","[1, 47]","[0, 108]","[2, 130]","[3, 138]","[0, 22]",1,
"[2, 167]","[1, 205]","[4, 247]","[3, 78]","[1, 89]","[1, 61]","[2, 100]","[0, 134]","[2, 40]","[3, 27]","[0, 76]",1,
"[2, 58]","[2, 198]","[4, 92]","[4, 172]","[1, 59]","[2, 127]","[1, 246]","[1, 57]","[2, 126]","[4, 241]","[1, 123]",1,
"[3, 206]","[2, 150]","[4, 110]","[4, 30]","[2, 207]","[1, 181]","[2, 32]","[1, 129]","[2, 101]","[3, 252]","[1, 227]",1,0.216
"[2, 229]","[2, 211]","[4, 104]","[3, 224]","[2, 233]","[2, 169]","[2, 16]","[1, 182]","[1, 35]","[3, 22]","[1, 125]",1,
"[2, 160]","[2, 45]","[3, 186]","[4, 249]","[2, 125]","[2, 179]","[2, 106]","[0, 76]","[2, 105]","[4, 105]","[1, 61]",1,
"[2, 178]","[2, 41]","[3, 238]","[3, 79]","[2, 21]","[2, 229]","[2, 161]","[1, 241]","[1, 219]","[3, 80]","[1, 11]",1,
"[2, 203]","[1, 211]","[4, 115]","[4, 93]","[1, 92]","[2, 18]","[1, 59]","[0, 240]","[0, 219]","[4, 88]","[0, 167]",1,
"[2, 193]","[2, 44]","[3, 84]","[4, 100]","[1, 111]","[1, 163]","[1, 55]","[1, 59]","[0, 159]","[4, 168]","[0, 126]",1,
"[3, 237]","[2, 45]","[4, 152]","[3, 25]","[1, 168]","[1, 25]","[2, 124]","[1, 232]","[2, 92]","[4, 75]","[1, 69]",1,0.224
"[3, 202]","[1, 96]","[3, 20]","[3, 36]","[2, 144]","[2, 247]","[1, 49]","[1, 62]","[2, 177]","[4, 92]","[1, 203]",1,0.247
"[2, 72]","[1, 178]","[4, 136]","[4, 160]","[2, 129]","[1, 73]","[2, 117]","[0, 137]","[1, 145]","[4, 189]","[1, 215]",1,
"[2, 65]","[2, 184]","[3, 240]","[4, 110]","[1, 146]","[1, 251]","[2, 88]","[0, 19]","[1, 160]","[4, 89]","[1, 125]",1,
"[2, 199]","[2, 209]","[4, 193]","[4, 226]","[2, 210]","[1, 21]","[1, 46]","[1, 188]","[0, 95]","[3, 24]","[0, 232]",1,
"[2, 226]","[1, 220]","[4, 254]","[3, 167]","[1, 186]","[1, 99]","[1, 250]","[1, 52]","[2, 115]","[3, 149]","[1, 246]",1,
"[2, 243]","[2, 53]","[4, 153]","[4, 150]","[1, 221]","[1, 42]","[2, 151]","[0, 109]","[0, 32]","[3, 159]","[0, 102]",1,
"[2, 145]","[1, 65]","[3, 206]","[3, 15]","[1, 154]","[2, 109]","[1, 102]","[0, 217]","[2, 22]","[4, 122]","[1, 97]",1,
"[2, 98]","[2, 125]","[3, 77]","[4, 226]","[2, 137]","[1, 219]","[1, 205]","[0, 250]","[0, 28]","[4, 118]","[1, 250]",1,
"[2, 206]","[1, 97]","[3, 76]","[4, 248]","[2, 182]","[1, 168]","[1, 241]","[0, 131]","[2, 102]","[3, 119]","[0, 98]",1,
"[2, 108]","[1, 220]","[3, 22]","[4, 231]","[2, 214]","[1, 112]","[1, 213]","[1, 183]","[0, 81]","[4, 61]","[0, 18]",1,
"[3, 205]","[2, 159]","[3, 152]","[4, 173]","[2, 112]","[2, 57]","[2, 66]","[1, 74]","[0, 166]","[4, 241]","[0, 213]",1,0.231
"[2, 25]","[1, 227]","[4, 231]","[3, 144]","[1, 10]","[2, 189]","[1, 213]","[1, 245]","[0, 108]","[3, 89]","[0, 95]",1,
"[2, 188]","[2, 197]","[4, 92]","[3, 102]","[2, 135]","[2, 71]","[2, 117]","[0, 15]","[1, 228]","[4, 38]","[1, 159]",1,
"[2, 238]","[1, 121]","[3, 188]","[3, 80]","[1, 211]","[2, 61]","[2, 55]","[0, 126]","[1, 59]","[4, 127]","[1, 34]",1,
"[2, 213]","[1, 165]","[3, 235]","[3, 170]","[2, 54]","[1, 239]","[2, 40]","[0, 234]","[0, 101]","[4, 104]","[0, 14]",1,
"[2, 112]","[1, 150]","[3, 172]","[4, 135]","[1, 163]","[1, 149]","[2, 157]","[0, 175]","[0, 229]","[4, 135]","[0, 67]",1,
"[2, 223]","[1, 172]","[4, 125]","[4, 148]","[1, 148]","[1, 179]","[2, 43]","[0, 132]","[2, 177]","[4, 28]","[1, 142]",1,
"[3, 222]","[1, 139]","[4, 55]","[3, 72]","[1, 223]","[1, 238]","[2, 249]","[1, 22]","[0, 117]","[4, 57]","[1, 129]",1,0.219
"[3, 39]","[2, 245]","[4, 88]","[4, 27]","[1, 223]","[2, 77]","[2, 81]","[1, 162]","[2, 72]","[3, 182]","[0, 194]",1,
"[2, 154]","[2, 126]","[4, 57]","[3, 69]","[2, 134]","[2, 104]","[2, 12]","[0, 222]","[1, 86]","[3, 197]","[1, 180]",1,
"[2, 63]","[1, 91]","[3, 230]","[4, 210]","[1, 34]","[2, 28]","[1, 144]","[0, 24]","[0, 231]","[4, 102]","[1, 87]",1,
"[3, 106]","[1, 217]","[3, 67]","[3, 62]","[2, 102]","[1, 154]","[2, 34]","[0, 201]","[0, 13]","[3, 37]","[1, 157]",1,0.286
"[2, 20]","[1, 95]","[3, 229]","[4, 73]","[2, 23]","[1, 20]","[2, 42]","[0, 219]","[0, 178]","[3, 54]","[0, 44]",1,
"[2, 119]","[2, 55]","[3, 163]","[3, 10]","[1, 187]","[2, 27]","[1, 72]","[0, 175]","[0, 145]","[4, 56]","[0, 174]",1,
"[3, 173]","[1, 185]","[3, 81]","[3, 106]","[2, 172]","[2, 201]","[1, 93]","[0, 166]","[1, 88]","[4, 157]","[0, 236]",1,0.266
"[2, 145]","[1, 248]","[3, 218]","[4, 226]","[2, 36]","[2, 126]","[2, 11]","[0, 212]","[0, 70]","[3, 129]","[0, 40]",1,
"[2, 235]","[1, 207]","[3, 21]","[4, 155]","[1, 179]","[1, 24]","[1, 236]","[1, 58]","[0, 136]","[3, 232]","[0, 69]",1,
"[2, 123]","[2, 196]","[3, 99]","[4, 236]","[1, 198]","[1, 135]","[1, 58]","[0, 76]","[0, 234]","[3, 137]","[1, 43]",1,
"[3, 225]","[2, 183]","[4, 147]","[4, 152]","[1, 249]","[1, 141]","[2, 67]","[0, 22]","[0, 14]","[4, 160]","[0, 105]",1,0.204
"[2, 47]","[2, 154]","[3, 124]","[3, 250]","[1, 83]","[1, 128]","[1, 194]","[1, 99]","[0, 39]","[3, 98]","[0, 191]",1,
"[3, 205]","[2, 244]","[3, 141]","[4, 45]","[1, 247]","[1, 189]","[2, 179]","[1, 142]","[0, 111]","[3, 223]","[1, 65]",1,0.217
"[2, 253]","[2, 130]","[4, 53]","[4, 62]","[1, 173]","[1, 143]","[2, 105]","[1, 90]","[2, 49]","[4, 78]","[0, 235]",1,
"[2, 183]","[1, 123]","[3, 188]","[3, 240]","[2, 146]","[1, 238]","[2, 28]","[0, 33]","[2, 156]","[4, 171]","[0, 193]",1,
"[3, 245]","[2, 28]","[3, 250]","[3, 80]","[1, 192]","[1, 107]","[1, 69]","[0, 215]","[1, 55]","[3, 141]","[1, 39]",1,0.191
"[2, 58]","[2, 166]","[4, 151]","[3, 239]","[2, 26]","[1, 227]","[2, 108]","[0, 21]","[2, 248]","[4, 74]","[0, 207]",1,
"[3, 220]","[1, 252]","[4, 241]","[4, 121]","[1, 19]","[1, 34]","[1, 161]","[1, 158]","[0, 230]","[4, 64]","[1, 247]",1,0.208
"[2, 66]","[2, 59]","[3, 194]","[4, 140]","[1, 87]","[2, 175]","[1, 10]","[0, 18]","[2, 92]","[3, 143]","[0, 245]",1,
"[2, 147]","[1, 44]","[4, 154]","[4, 238]","[1, 244]","[2, 205]","[1, 81]","[1, 98]","[0, 75]","[4, 82]","[0, 142]",1,
"[2, 167]","[2, 100]","[4, 17]","[4, 53]","[1, 147]","[1, 179]","[1, 88]","[1, 224]","[0, 205]","[4, 245]","[0, 159]",1,
"[3, 149]","[2, 53]","[3, 30]","[3, 200]","[2, 15]","[1, 172]","[2, 38]","[0, 176]","[2, 112]","[3, 238]","[0, 158]",1,0.266
"[2, 128]","[1, 24]","[3, 35]","[3, 12]","[2, 114]","[2, 72]","[1, 13]","[1, 167]","[2, 32]","[3, 15]","[1, 135]",1,
"[3, 229]","[1, 18]","[4, 156]","[4, 165]","[2, 128]","[2, 57]","[1, 110]","[1, 20]","[2, 69]","[3, 254]","[0, 172]",1,0.24
"[3, 193]","[1, 172]","[3, 14]","[4, 45]","[1, 131]","[1, 142]","[2, 217]","[0, 118]","[1, 239]","[3, 82]","[0, 231]",1,0.216
"[3, 173]","[2, 86]","[3, 93]","[3, 46]","[2, 103]","[1, 76]","[2, 187]","[0, 126]","[0, 154]","[3, 108]","[0, 61]",1,0.23
"[3, 89]","[1, 114]","[3, 35]","[3, 223]","[2, 91]","[1, 146]","[1, 169]","[1, 222]","[2, 226]","[4, 13]","[1, 126]",1,0.352
"[2, 108]","[1, 57]","[4, 148]","[4, 227]","[2, 27]","[2, 135]","[2, 17]","[1, 234]","[1, 208]","[4, 227]","[0, 212]",1,
"[2, 19]","[2, 198]","[4, 157]","[3, 125]","[2, 48]","[1, 15]","[1, 160]","[1, 135]","[1, 58]","[4, 248]","[1, 253]",1,
"[3, 21]","[1, 234]","[4, 210]","[4, 65]","[1, 143]","[1, 128]","[1, 205]","[0, 224]","[0, 204]","[4, 41]","[1, 129]",1,
"[2, 135]","[1, 206]","[4, 207]","[3, 162]","[2, 32]","[1, 243]","[1, 82]","[0, 181]","[2, 244]","[4, 181]","[1, 116]",1,
"[2, 210]","[2, 202]","[3, 112]","[3, 216]","[1, 41]","[2, 15]","[2, 111]","[0, 172]","[0, 254]","[3, 187]","[1, 100]",1,
"[3, 246]","[2, 145]","[4, 54]","[3, 188]","[1, 189]","[1, 63]","[1, 131]","[0, 188]","[0, 47]","[4, 183]","[0, 169]",21.009,0.588
